God of War Laufey	PS5	NONE	PPSA19249_00	preorder
Phantom Blade Zero	PS5	NONE	PPSA34579_00
Castlevania: Belmont's Curse	PS5	NONE	PPSA35399_00
Castlevania: Belmont's Curse Demo	PS5	NONE	PPSA37039_00
Ni no Kuni Wrath of the White Witch Remastered	PS4	NONE	CUSA14156_00
Well Dweller	PS5	NONE	PPSA38720_00
CONTROL Resonant	PS5	NONE	PPSA34547_00
Is This Seat Taken?	PS5	NONE	PPSA37001_00
Vampire Crawlers	PS5	NONE	PPSA30703_00
CONSTANCE	PS5	NONE	PPSA29415_00
Wild Blue Skies	PS5	NONE	PPSA38420_00
Mewgenics	PS5	NONE	PPSA37318_00
Duskfade	PS5	NONE	PPSA29264_00
Rise of the Ronin	PS5	PS_PLUS	PPSA04539_00
Mighty Morphin Power Rangers: Rita's Rewind	PS4	PS_PLUS	CUSA45165_00
Monster Train	PS5	PS_PLUS	PPSA21237_00
Legacy of Kain: Defiance	PS4	PS_PLUS	CUSA51413_00
Legacy of Kain: Defiance	PS5	PS_PLUS	PPSA26226_00
Mortal Shell II	PS5	NONE	PPSA34008_00
Mortal Shell II	PS5	NONE	PPSA38671_00
Ravenswatch	PS4	NONE	CUSA46987_00
Ravenswatch	PS5	NONE	PPSA09253_00
Fall Guys	PS5	NONE	PPSA04476_00
The 7th Guest Remake	PS5	NONE	PPSA36909_00
Mina the Hollower	PS5	NONE	PPSA22864_00
The Adventures of Elliot: The Millennium Tales Prologue Demo	PS5	NONE	PPSA34260_00
Five Nights at Freddy's: Help Wanted 2	PS5	PS_PLUS	PPSA18886_00
WUCHANG: Fallen Feathers	PS5	PS_PLUS	PPSA09518_00
Marvel's Spider-Man Remastered	PS5	PS_PLUS	PPSA01467_00
SAROS	PS5	NONE	PPSA07632_00
Hades II	PS5	NONE	PPSA36082_00
SWORD ART ONLINE Fractured Daydream	PS5	PS_PLUS	PPSA06569_00
Tomb Raider I-III Remastered Starring Lara Croft	PS4	PS_PLUS	CUSA43773_00
Tomb Raider I-III Remastered Starring Lara Croft	PS5	PS_PLUS	PPSA16901_00
Lords of the Fallen	PS5	PS_PLUS	PPSA07064_00
Beyond Words	PS5	NONE	PPSA33197_00
GRIME	PS5	PS_PLUS	PPSA03276_00
The Elder Scrolls Online: Tamriel Unlimited	PS4	PS_PLUS	CUSA00132_00
The Elder Scrolls Online	PS5	PS_PLUS	PPSA02017_00
PGA TOUR 2K25	PS5	PS_PLUS	PPSA17952_00
Slime Rancher 2	PS5	PS_PLUS	PPSA20152_00
Ball X Pit	PS5	PS_PLUS	PPSA31872_00
RESIDENT EVIL requiem	PS5	NONE	PPSA30803_00
Rayman 30th Anniversary Edition	PS5	NONE	PPSA33016_00
SUPER BOMBERMAN COLLECTION	PS5	NONE	PPSA30553_00
ENDER MAGNOLIA: Bloom in the Mist	PS5	NONE	PPSA22266_00
DOOM: The Dark Ages	PS5	NONE	PPSA20560_00
Sea of Stars: Sunset Edition	PS4	NONE	CUSA31579_00
Sea of Stars: Sunset Edition	PS5	NONE	PPSA07586_00
REANIMAL	PS5	NONE	PPSA23372_00
God of War Sons of Sparta	PS5	NONE	PPSA28997_00
Subnautica Below Zero	PS4	PS_PLUS	CUSA18065_00
Subnautica Below Zero	PS5	PS_PLUS	PPSA02456_00
ENDER LILIES : Quietus of the Knights	PS4	NONE	CUSA26115_00
Capcom Arcade Stadium	PS4	NONE	CUSA26271_00
MIO: Memories In Orbit	PS5	NONE	PPSA20662_00
Core Keeper	PS5	PS_PLUS	PPSA19417_00
Disney Epic Mickey: Rebrushed	PS4	PS_PLUS	CUSA42643_00
Disney Epic Mickey: Rebrushed	PS5	PS_PLUS	PPSA15656_00
Still Wakes The Deep	PS5	PS_PLUS	PPSA07906_00
Killing Floor 3	PS5	PS_PLUS	PPSA08427_00
Morsels	PS5	NONE	PPSA25664_00
Twisted Metal	PS4	PS_PLUS	CUSA43359_00
Twisted Metal	PS5	PS_PLUS	PPSA16427_00
Cocoon	PS4	PS_PLUS	CUSA34963_00
Cocoon	PS5	PS_PLUS	PPSA08765_00
Alan Wake 2	PS5	PS_PLUS	PPSA02571_00
Goat Simulator 3	PS4	PS_PLUS	CUSA46679_00
Goat Simulator 3	PS5	PS_PLUS	PPSA04159_00
Absolum	PS4	NONE	CUSA53342_00
Absolum	PS5	NONE	PPSA28311_00
Hollow Knight: Silksong	PS4	NONE	CUSA39420_00
Hollow Knight: Silksong	PS5	NONE	PPSA12544_00
The Rogue Prince of Persia	PS5	PS_PLUS	PPSA28155_00
SHINOBI: Art of Vengeance	PS4	NONE	CUSA45905_00
SHINOBI: Art of Vengeance	PS5	NONE	PPSA19461_00
Sword Of The Sea	PS5	PS_PLUS	PPSA25344_00
MY HERO ONE'S JUSTICE 2	PS4	PS_PLUS	CUSA15929_00
DayZ	PS4	PS_PLUS	CUSA15510_00
NINJA GAIDEN: Ragebound	PS4	NONE	CUSA53132_00
NINJA GAIDEN: Ragebound	PS5	NONE	PPSA28002_00
Cyberpunk 2077	PS4	PS_PLUS	CUSA16596_00
Cyberpunk 2077	PS5	PS_PLUS	PPSA03974_00
Myst	PS4	PS_PLUS	CUSA43968_00
Myst	PS5	PS_PLUS	PPSA17121_00
Teenage Mutant Ninja Turtles: Splintered Fate	PS4	NONE	CUSA50828_00
Teenage Mutant Ninja Turtles: Splintered Fate	PS5	NONE	PPSA25582_00
Clair Obscur: Expedition 33	PS5	NONE	PPSA17599_00
The Texas Chain Saw Massacre	PS4	PS_PLUS	CUSA35220_00
The Texas Chain Saw Massacre	PS5	PS_PLUS	PPSA05317_00
Robocop: Rogue City	PS5	PS_PLUS	PPSA05060_00
Digimon Story: Cyber Sleuth - Hacker's Memory	PS4	PS_PLUS	CUSA09977_00
The Elder Scrolls IV: Oblivion Remastered	PS5	NONE	PPSA21203_00
LUNAR Remastered Collection	PS4	NONE	CUSA48262_00
Blue Prince	PS5	PS_PLUS	PPSA25009_00
Split Fiction	PS5	NONE	PPSA08560_00
Resident Evil: Director's Cut	PS4	PS_PLUS	CUSA33877_00
Resident Evil: Director's Cut	PS5	PS_PLUS	PPSA07811_00
Temtem	PS5	PS_PLUS	PPSA01800_00
Aliens: Dark Descent	PS4	PS_PLUS	CUSA34369_00
Aliens: Dark Descent	PS5	PS_PLUS	PPSA08313_00
Nine Sols	PS4	NONE	CUSA50688_00
Nine Sols	PS5	NONE	PPSA25414_00
Ghostwire: Tokyo	PS5	PS_PLUS	PPSA01337_00
DEATH NOTE Killer Within	PS4	PS_PLUS	CUSA45307_00
DEATH NOTE Killer Within	PS5	PS_PLUS	PPSA18708_00
HOT WHEELS UNLEASHED 2 - Turbocharged	PS4	PS_PLUS	CUSA35583_00
HOT WHEELS UNLEASHED 2 - Turbocharged	PS5	PS_PLUS	PPSA15191_00
The Jackbox Naughty Pack	PS4	NONE	CUSA47879_00
Jackbox Naughty Pack	PS5	NONE	PPSA21821_00
Visions of Mana	PS4	NONE	CUSA43004_00
Visions of Mana	PS5	NONE	PPSA16096_00
Children of Morta	PS4	PS_PLUS	CUSA10862_00
Brotato	PS4	NONE	CUSA40582_00
Brotato	PS5	NONE	PPSA18472_00
Secret Agent Clank	PS4	PS_PLUS	CUSA41276_00
Secret Agent Clank	PS5	PS_PLUS	PPSA14319_00
Iron Meat	PS4	NONE	CUSA48053_00
Iron Meat	PS5	NONE	PPSA22017_00
Palworld	PS5	NONE	PPSA23126_00
Harry Potter: Quidditch Champions	PS4	PS_PLUS	CUSA31383_00
Harry Potter: Quidditch Champions	PS5	PS_PLUS	PPSA05834_00
Rugrats: Adventure in Gameland	PS4	NONE	CUSA49117_00
Rugrats: Adventure in Gameland	PS5	NONE	PPSA23396_00
ASTRO BOT	PS5	NONE	PPSA21564_00
Vampire Survivors	PS4	NONE	CUSA47783_00
DREDGE	PS4	PS_PLUS	CUSA35762_00
DREDGE	PS5	PS_PLUS	PPSA09077_00
Vampire Survivors	PS5	NONE	PPSA21703_00
Black Myth: Wukong	PS5	NONE	PPSA23226_00
Visions of Mana DEMO	PS5	NONE	PPSA19984_00
NHL 24	PS5	PS_PLUS	PPSA11193_00
Among Us	PS4	PS_PLUS	CUSA27792_00
Among Us	PS5	PS_PLUS	PPSA03595_00
The 7th Guest	PS5	NONE	PPSA19312_00
The 7th Guest	PS5	NONE	PPSA22260_00
The 7th Guest	PS5	NONE	PPSA22262_00
Braid, Anniversary Edition	PS5	NONE	PPSA20091_00
The 7th Guest	PS5	NONE	PPSA19313_00
SpongeBob SquarePants: The Cosmic Shake	PS4	PS_PLUS	CUSA30579_00
SpongeBob SquarePants: The Cosmic Shake	PS5	PS_PLUS	PPSA16526_00
AEW: Fight Forever	PS4	PS_PLUS	CUSA35640_00
AEW: Fight Forever	PS5	PS_PLUS	PPSA09351_00
Rocket Knight Adventures: Re-Sparked!	PS4	NONE	CUSA42348_00
Rocket Knight Adventures: Re-Sparked!	PS5	NONE	PPSA15338_00
Dead Space	PS5	NONE	PPSA03845_00
The Last of Us Part II Remastered	PS5	NONE	PPSA10662_00
Marvel's Spider-Man 2	PS5	PS_PLUS	PPSA03016_00
Skul	PS4	PS_PLUS	CUSA27428_00
Minecraft: Legends	PS4	PS_PLUS	CUSA20295_00
Minecraft Legends	PS5	PS_PLUS	PPSA05509_00
Immortals of Aveum	PS5	PS_PLUS	PPSA08236_00
Fallout 4	PS4	PS_PLUS	CUSA02557_00
FINAL FANTASY VII REBIRTH	PS5	NONE	PPSA08666_00
Moving Out 2	PS4	NONE	CUSA34285_00
Moving Out 2	PS5	NONE	PPSA08207_00
Ultros	PS4	NONE	CUSA43248_00
Ultros	PS5	NONE	PPSA16280_00
HELLDIVERS 2	PS5	NONE	PPSA01413_00
FINAL FANTASY VII REBIRTH DEMO	PS5	NONE	PPSA18937_00
Immortals Fenyx Rising	PS4	NONE	CUSA16403_00
Evil West	PS4	PS_PLUS	CUSA25570_00
Evil West	PS5	PS_PLUS	PPSA02372_00
A Plague Tale: Requiem	PS5	PS_PLUS	PPSA05366_00
Prince of Persia: The Lost Crown DEMO	PS5	NONE	PPSA20229_00
Zombies Ate My Neighbors and Ghoul Patrol	PS4	NONE	CUSA18841_00
Sable	PS5	PS_PLUS	PPSA01569_00
LEGO 2K Drive	PS4	PS_PLUS	CUSA28525_00
LEGO 2K Drive	PS5	PS_PLUS	PPSA04048_00
PowerWash Simulator	PS4	PS_PLUS	CUSA29983_00
PowerWash Simulator	PS5	PS_PLUS	PPSA04987_00
Mafia II: Definitive Edition	PS4	PS_PLUS	CUSA16990_00
DRAGON BALL: THE BREAKERS	PS4	PS_PLUS	CUSA29213_00
Aliens: Fireteam Elite (PS4)	PS4	PS_PLUS	CUSA27462_00
Aliens: Fireteam Elite (PS5)	PS5	PS_PLUS	PPSA03393_00
Baldur's Gate 3	PS5	NONE	PPSA14001_00
Mortal Kombat 1	PS5	NONE	PPSA07570_00
Gunhead Demo	PS5	NONE	PPSA18983_00
STAR OCEAN THE SECOND STORY R	PS4	NONE	CUSA40651_00
STAR OCEAN THE SECOND STORY R	PS5	NONE	PPSA13715_00
The 7th Guest VR	PS5	NONE	PPSA17020_00
STAR OCEAN THE SECOND STORY R - DEMO	PS5	NONE	PPSA16352_00
Lies of P	PS4	NONE	CUSA36847_00
Lies of P	PS5	NONE	PPSA10261_00
Broken Edge	PS5	NONE	PPSA16771_00
Assassin's Creed IV Black Flag	PS4	PS_PLUS	CUSA00010_00
Call of Duty: Black Ops Cold War	PS4	PS_PLUS	CUSA15010_00
Call of Duty: Black Ops Cold War	PS5	PS_PLUS	PPSA01628_00
Sea of Stars Demo	PS4	NONE	CUSA42429_00
Sea of Stars Demo	PS5	NONE	PPSA15426_00
Scribblenauts Mega Pack	PS4	NONE	CUSA12563_00
Cat Quest II	PS4	NONE	CUSA16539_00
Garden of the Sea	PS5	NONE	PPSA14342_00
HUMANITY	PS4	PS_PLUS	CUSA14150_00
HUMANITY	PS5	PS_PLUS	PPSA03771_00
A Hat In Time	PS4	PS_PLUS	CUSA09267_00
Endling	PS4	PS_PLUS	CUSA24601_00
Endling	PS5	PS_PLUS	PPSA08511_00
Alan Wake Remastered	PS4	PS_PLUS	CUSA24652_00
Alan Wake Remastered	PS5	PS_PLUS	PPSA01924_00
FINAL FANTASY XVI	PS5	NONE	PPSA10664_00
NBA 2K23	PS4	PS_PLUS	CUSA33074_00
NBA 2K23	PS5	PS_PLUS	PPSA07169_00
Jurassic World Evolution 2	PS4	PS_PLUS	CUSA27321_00
Jurassic World Evolution 2	PS5	PS_PLUS	PPSA03287_00
Trek to Yomi	PS4	PS_PLUS	CUSA26156_00
Trek To Yomi	PS5	PS_PLUS	PPSA02628_00
FINAL FANTASY XVI DEMO	PS5	NONE	PPSA13802_00
Travel The Words Demo	PS5	NONE	PPSA16055_00
Monster Menu The Scavenger's Cookbook Demo	PS5	NONE	PPSA09836_00
STORY OF SEASONS: Friends of Mineral Town	PS4	PS_PLUS	CUSA26005_00
Diablo IV	PS4	NONE	CUSA11388_00
Diablo IV	PS5	NONE	PPSA02442_00
LIVE A LIVE: Demo Version	PS5	NONE	PPSA13908_00
The Last Guardian	PS4	PS_PLUS	CUSA03627_00
Hogwarts Legacy	PS4	NONE	CUSA12824_00
Tails of Iron	PS4	PS_PLUS	CUSA28465_00
Tails of Iron	PS5	PS_PLUS	PPSA03999_00
Meet Your Maker	PS4	PS_PLUS	CUSA31151_00
Meet Your Maker	PS5	PS_PLUS	PPSA05722_00
Resident Evil 4	PS4	NONE	CUSA33387_00
Resident Evil 4	PS5	NONE	PPSA07411_00
Diablo IV	PS4	NONE	CUSA30374_00
Diablo IV	PS5	NONE	PPSA05263_00
Wo Long: Fallen Dynasty Demo	PS4	NONE	CUSA41046_00
Wo Long: Fallen Dynasty Demo	PS5	NONE	PPSA14038_00
Resident Evil 4 Chainsaw Demo	PS4	NONE	CUSA40600_00
Resident Evil 4 Chainsaw Demo	PS5	NONE	PPSA13656_00
Before Your Eyes	PS5	NONE	PPSA13412_00
OlliOlli World	PS4	PS_PLUS	CUSA25465_00
OlliOlli World	PS5	PS_PLUS	PPSA02304_00
Mafia: Definitive Edition	PS4	PS_PLUS	CUSA18097_00
Evil Dead: The Game	PS4	PS_PLUS	CUSA27709_00
Evil Dead: The Game	PS5	PS_PLUS	PPSA03523_00
WHAT THE BAT?	PS5	NONE	PPSA10863_00
Pistol Whip	PS4	NONE	CUSA19245_00
Pistol Whip	PS5	NONE	PPSA07641_00
Vacation Simulator	PS4	NONE	CUSA12586_00
Vacation Simulator	PS5	NONE	PPSA10144_00
Actraiser Renaissance	PS4	NONE	CUSA25035_00
Puzzling Places	PS4	NONE	CUSA31093_00
Puzzling Places	PS5	NONE	PPSA14219_00
Demeo	PS5	NONE	PPSA10634_00
Horizon Call of the Mountain	PS5	NONE	PPSA09555_00
OCTOPATH TRAVELER II Prologue Demo	PS5	NONE	PPSA10805_00
Hogwarts Legacy	PS5	NONE	PPSA01593_00
Fallout 76	PS4	PS_PLUS	CUSA12057_00
FruitNinjaVR	PS4	NONE	CUSA07324_00
Castle Crashers Remastered	PS4	NONE	CUSA14409_00
Divine Knockout	PS4	PS_PLUS	CUSA28764_00
Divine Knockout	PS5	PS_PLUS	PPSA04188_00
Biomutant	PS4	PS_PLUS	CUSA10041_00
Biomutant	PS5	PS_PLUS	PPSA06255_00
Mass Effect Legendary Edition	PS4	PS_PLUS	CUSA19500_00
Forspoken Demo	PS5	NONE	PPSA05700_00
STAR OCEAN THE DIVINE FORCE DEMO	PS5	NONE	PPSA08139_00
God of War Ragnarök	PS4	NONE	CUSA34384_00
God of War Ragnarök	PS5	NONE	PPSA08329_00
SUPERHOT	PS4	PS_PLUS	CUSA09030_00
Injustice 2	PS4	PS_PLUS	CUSA05462_00
HOT WHEELS UNLEASHED	PS4	PS_PLUS	CUSA25502_00
HOT WHEELS UNLEASHED	PS5	PS_PLUS	PPSA02324_00
Axiom Verge 2	PS4	NONE	CUSA29346_00
Axiom Verge 2	PS5	NONE	PPSA05172_00
Tunic	PS4	NONE	CUSA26967_00
Tunic	PS5	NONE	PPSA03054_00
Tinykin	PS4	NONE	CUSA30528_00
Tinykin	PS5	NONE	PPSA05406_00
Inscryption	PS4	NONE	CUSA32883_00
Inscryption	PS5	NONE	PPSA07022_00
MultiVersus	PS4	NONE	CUSA24363_00
MultiVersus	PS5	NONE	PPSA03189_00
Cursed to Golf	PS4	NONE	CUSA33320_00
Cursed to Golf	PS5	NONE	PPSA08411_00
Cult of the Lamb	PS4	NONE	CUSA32183_00
Cult Of The Lamb	PS5	NONE	PPSA06464_00
ROLLERDROME	PS5	PS_PLUS	PPSA08185_00
Unity Save Data Example	PS4	NONE	CUSA32213_00
Escape Academy	PS5	NONE	PPSA06493_00
Teenage Mutant Ninja Turtles: Shredder's Revenge	PS4	NONE	CUSA30991_00
FINAL FANTASY XV	PS4	PS_PLUS	CUSA01633_00
Nickelodeon All-Star Brawl	PS4	PS_PLUS	CUSA25399_00
Nickelodeon All-Star Brawl	PS5	PS_PLUS	PPSA02279_00
NARUTO TO BORUTO: SHINOBI STRIKER	PS4	PS_PLUS	CUSA08789_00
Tribes of Midgard	PS4	PS_PLUS	CUSA24748_00
Tribes of Midgard	PS5	PS_PLUS	PPSA01410_00
FIFA 22	PS5	PS_PLUS	PPSA03180_00
STAR WARS Jedi: Fallen Order	PS4	NONE	CUSA12539_00
Lost In Random	PS4	NONE	CUSA19609_00
Lost In Random	PS5	NONE	PPSA01693_00
STAR WARS Jedi: Fallen Order	PS5	NONE	PPSA02198_00
The Dark Pictures Anthology: Man of Medan	PS4	NONE	CUSA13933_00
The Dark Pictures Anthology: Little Hope	PS4	NONE	CUSA18028_00
The Dark Pictures Anthology: House Of Ashes	PS4	NONE	CUSA25846_00
The Dark Pictures Anthology: House of Ashes	PS5	NONE	PPSA02595_00
LEGO Star Wars: The Skywalker Saga	PS4	NONE	CUSA13794_00
LEGO Star Wars: The Skywalker Saga	PS5	NONE	PPSA01864_00
Torchlight III	PS4	NONE	CUSA10227_00
A Plague Tale: Innocence	PS5	NONE	PPSA02388_00
STRANGER OF PARADISE FINAL FANTASY ORIGIN	PS4	NONE	CUSA29578_00
STRANGER OF PARADISE FINAL FANTASY ORIGIN	PS5	NONE	PPSA03232_00
Knightin'+	PS5	NONE	PPSA07290_00
Spelunky 2	PS4	NONE	CUSA20601_00
Tomb Raider: Definitive Edition	PS4	NONE	CUSA00107_00
Slay the Spire	PS4	PS_PLUS	CUSA15289_00
SpongeBob SquarePants: Battle For Bikini Bottom - Rehydrated	PS4	PS_PLUS	CUSA14898_00
Hood: Outlaws & Legends	PS4	PS_PLUS	CUSA18991_00
Hood: Outlaws & Legends	PS5	PS_PLUS	PPSA02170_00
Nobody Saves the World	PS4	NONE	CUSA27069_00
Nobody Saves the World	PS5	NONE	PPSA03332_00
Unravel TWO	PS4	NONE	CUSA10483_00
Until Dawn	PS4	PS_PLUS	CUSA00359_00
Tiny Tina's Wonderlands	PS4	NONE	CUSA23766_00
Tiny Tina's Wonderlands	PS5	NONE	PPSA01492_00
Fall Guys: Ultimate Knockout	PS4	NONE	CUSA29236_00
ELDEN RING	PS4	NONE	CUSA28863_00
ELDEN RING	PS5	NONE	PPSA04610_00
EA SPORTS UFC 4	PS4	PS_PLUS	CUSA14204_00
Planet Coaster	PS5	PS_PLUS	PPSA01736_00
SIFU	PS4	NONE	CUSA30202_00
Sifu	PS5	NONE	PPSA05132_00
KINGDOM HEARTS:VR Experience	PS4	NONE	CUSA15095_00
Death's Door	PS4	NONE	CUSA30423_00
Death's Door	PS5	NONE	PPSA05303_00
DIRT 5	PS4	PS_PLUS	CUSA16195_00
DIRT5	PS5	PS_PLUS	PPSA01552_00
Persona 5 Strikers	PS4	PS_PLUS	CUSA19640_00
Deep Rock Galactic	PS4	PS_PLUS	CUSA26860_00
Deep Rock Galactic	PS5	PS_PLUS	PPSA02967_00
The Jackbox Party Pack 8	PS4	NONE	CUSA28632_00
The Jackbox Party Pack 8	PS5	NONE	PPSA04139_00
Mortal Shell	PS4	PS_PLUS	CUSA16364_00
LEGO DC Super-Villains	PS4	PS_PLUS	CUSA11542_00
Godfall: Challenger Edition	PS4	PS_PLUS	CUSA31058_00
Godfall: Challenger Edition	PS5	PS_PLUS	PPSA05660_00
The Matrix Awakens: An Unreal Engine 5 Experience	PS5	NONE	PPSA05753_00
The Binding of Isaac: Repentance	PS5	NONE	PPSA03311_00
Tiny Tina's Assault on Dragon Keep: A Wonderlands One-shot Adventure	PS4	NONE	CUSA30035_00
Skyrim	PS4	NONE	CUSA05333_00
Skyrim	PS5	NONE	PPSA03746_00
Until You Fall	PS4	PS_PLUS	CUSA23190_00
The Persistence	PS4	PS_PLUS	CUSA07643_00
The Walking Dead: Saints & Sinners	PS4	PS_PLUS	CUSA17412_00
Kingdoms of Amalur: Re-Reckoning	PS4	PS_PLUS	CUSA17271_00
First Class Trouble	PS4	PS_PLUS	CUSA26040_00
First Class Trouble	PS5	PS_PLUS	PPSA02560_00
Knockout City	PS4	PS_PLUS	CUSA19579_00
Knockout City	PS5	PS_PLUS	PPSA03330_00
Kena: Bridge of Spirits	PS4	NONE	CUSA24853_00
Kena: Bridge of Spirits	PS5	NONE	PPSA01746_00
Hades	PS4	NONE	CUSA27387_00
Hades	PS5	NONE	PPSA03355_00
Trigger Witch	PS4	NONE	CUSA27037_00
Dodgeball Academia	PS4	NONE	CUSA27737_00
Splitgate: Arena Warfare	PS4	NONE	CUSA26225_00
Plants vs. Zombies: Battle for Neighborville	PS4	PS_PLUS	CUSA10863_00
Hunter's Arena: Legends	PS4	PS_PLUS	CUSA27096_00
Hunter's Arena: Legends	PS5	PS_PLUS	PPSA02691_00
FINAL FANTASY VII REMAKE	PS5	NONE	PPSA01903_00
Rising Hell	PS4	NONE	CUSA23625_00
Eagle Island	PS4	NONE	CUSA17464_00
Operation Tango	PS5	PS_PLUS	PPSA03243_00
Virtua Fighter 5 Ultimate Showdown	PS4	PS_PLUS	CUSA27065_00
STAR WARS: Squadrons	PS4	PS_PLUS	CUSA15080_00
Resident Evil Village	PS4	NONE	CUSA18017_00
Resident Evil Re:Verse	PS4	NONE	CUSA19088_00
Resident Evil Village Mini Soundtrack	PS4	NONE	CUSA23454_00
Resident Evil Village	PS5	NONE	PPSA01556_00
Resident Evil Village Gameplay Demo	PS5	NONE	PPSA03152_00
Cyber Shadow	PS4	NONE	CUSA24216_00
Cyber Shadow	PS5	NONE	PPSA01882_00
Resident Evil Re:Verse Beta	PS4	NONE	CUSA25715_00
Zombie Army 4: Dead War	PS4	PS_PLUS	CUSA12583_00
Oddworld: Soulstorm Enhanced Edition	PS5	PS_PLUS	PPSA01590_00
SUPER BOMBERMAN R	PS4	NONE	CUSA10667_00
Dungeons & Bombs	PS5	NONE	PPSA02944_00
It Takes Two	PS4	NONE	CUSA16742_00
It Takes Two	PS5	NONE	PPSA02342_00
Curse of the Dead Gods	PS4	NONE	CUSA19412_00
RESIDENT EVIL 7 biohazard	PS4	PS_PLUS	CUSA03962_00
Concrete Genie	PS4	PS_PLUS	CUSA11834_00
Control	PS4	PS_PLUS	CUSA11461_00
Control Ultimate Edition	PS5	PS_PLUS	PPSA01949_00
Destruction AllStars	PS5	PS_PLUS	PPSA02712_00
The Messenger	PS4	NONE	CUSA15271_00
Shadow of the Tomb Raider	PS4	PS_PLUS	CUSA10938_00
MAIDEN	PS5	NONE	PPSA01858_00
Maneater	PS5	PS_PLUS	PPSA01861_00
GreedFall	PS4	PS_PLUS	CUSA14211_00
Worms Rumble	PS4	PS_PLUS	CUSA23467_00
Worms Rumble	PS5	PS_PLUS	PPSA01527_00
RocketArena	PS4	PS_PLUS	CUSA18630_00
Just Cause 4	PS4	PS_PLUS	CUSA09254_00
Immortals Fenyx Rising	PS5	NONE	PPSA01507_00
Warframe	PS5	NONE	PPSA01737_00
Monster Hunter World: Iceborne	PS4	PS_PLUS	CUSA07713_00
DAYS GONE	PS4	PS_PLUS	CUSA08966_00
Borderlands 3	PS5	NONE	PPSA01462_00
No Man's Sky	PS5	NONE	PPSA02110_00
Middle-earth: Shadow of War	PS4	PS_PLUS	CUSA04408_00
Exit the Gungeon	PS4	NONE	CUSA23188_00
Sackboy: A Big Adventure	PS4	NONE	CUSA18886_00
Sackboy: A Big Adventure - The Gathering Storm	PS4	NONE	CUSA20421_00
Sackboy: A Big Adventure	PS5	NONE	PPSA01289_00
Sackboy: A Big Adventure - The Gathering Storm	PS5	NONE	PPSA01808_00
Demon's Souls	PS5	NONE	PPSA01342_00
Demon's Souls Original Soundtrack	PS5	NONE	PPSA01691_00
The Pathless	PS4	NONE	CUSA14330_00
The Pathless	PS5	NONE	PPSA01825_00
Overcooked! All You Can Eat	PS5	NONE	PPSA01529_00
Bugsnax	PS5	PS_PLUS	PPSA01502_00
Crash Bandicoot 4: It's About Time	PS4	NONE	CUSA19035_00
WORLD OF FINAL FANTASY	PS4	NONE	CUSA04647_00
Diablo III: Reaper of Souls – Ultimate Evil Edition (English)	PS4	NONE	CUSA00242_00
Vampyr	PS4	PS_PLUS	CUSA03293_00
Need for Speed Payback	PS4	PS_PLUS	CUSA05999_00
PUBG: BATTLEGROUNDS	PS4	PS_PLUS	CUSA14081_00
PUBG - Public Test Server	PS4	PS_PLUS	CUSA14380_00
STREET FIGHTER V	PS4	PS_PLUS	CUSA01200_00
GoNNER	PS4	NONE	CUSA11628_00
Fall Guys: Ultimate Knockout	PS4	PS_PLUS	CUSA17711_00
NBA 2K20	PS4	PS_PLUS	CUSA16310_00
Erica	PS4	PS_PLUS	CUSA11655_00
Rise of the Tomb Raider	PS4	PS_PLUS	CUSA05794_00
Call of Duty: Modern Warfare 2 Campaign Remastered	PS4	PS_PLUS	CUSA09249_00
Cuphead	PS4	NONE	CUSA20499_00
Star Ocean: Till The End Of Time	PS4	NONE	CUSA04778_00
KINGDOM HEARTS HD 2.8 FINAL CHAPTER PROLOGUE	PS4	NONE	CUSA05795_00
KINGDOM HEARTS - HD 1.5+2.5 ReMIX -	PS4	NONE	CUSA05933_00
FINAL FANTASY IX	PS4	NONE	CUSA08877_00
STAR OCEAN - THE LAST HOPE - 4K & Full HD Remaster	PS4	NONE	CUSA09485_00
KINGDOM HEARTS III	PS4	NONE	CUSA12031_00
STAR OCEAN First Departure R	PS4	NONE	CUSA16913_00
A Plague Tale: Innocence	PS4	NONE	CUSA11032_00
Castlevania Anniversary Collection	PS4	NONE	CUSA15109_00
Contra Anniversary Collection	PS4	NONE	CUSA15481_00
Blaster Master Zero	PS4	NONE	CUSA19643_00
Blaster Master Zero 2	PS4	NONE	CUSA19644_00
Bloodstained: Curse of the Moon 2	PS4	NONE	CUSA23490_00
Telling Lies	PS4	NONE	CUSA16938_00
Blasphemous	PS4	NONE	CUSA16275_00
The Last of Us Part II	PS4	NONE	CUSA07820_00
SOULCALIBUR VI	PS4	NONE	CUSA09903_00
RAGE2	PS4	NONE	CUSA10339_00
Journey To The Savage Planet	PS4	NONE	CUSA14470_00
Thy Sword	PS4	NONE	CUSA16359_00
The LEGO NINJAGO Movie Video Game	PS4	NONE	CUSA07739_00
Streets of Rage 4	PS4	NONE	CUSA16237_00
Trials of Mana	PS4	NONE	CUSA17050_00
FINAL FANTASY VII REMAKE	PS4	NONE	CUSA07211_00
Hidden Through Time	PS4	NONE	CUSA18631_00
Disney+	PS4	NONE	CUSA15607_00
RESIDENT EVIL 3	PS4	NONE	CUSA14168_00
RESIDENT EVIL RESISTANCE	PS4	NONE	CUSA14169_00
The Room VR	PS4	NONE	CUSA17139_00
DOOM Eternal	PS4	NONE	CUSA13338_00
Trials of Mana Demo	PS4	NONE	CUSA18251_00
SONIC FORCES	PS4	PS_PLUS	CUSA05637_00
SHADOW OF THE COLOSSUS	PS4	PS_PLUS	CUSA08034_00
FINAL FANTASY VII REMAKE DEMO	PS4	NONE	CUSA07237_00
Agony	PS4	NONE	CUSA10216_00
Moonlighter	PS4	NONE	CUSA10164_00
Firewall Zero Hour	PS4	PS_PLUS	CUSA09831_00
The Sims 4	PS4	PS_PLUS	CUSA09209_00
BioShock: The Collection	PS4	PS_PLUS	CUSA03979_00
Bioshock Infinite: The Complete Edition	PS4	PS_PLUS	CUSA03980_00
Daggerhood	PS4	NONE	CUSA14147_00
Nioh	PS4	PS_PLUS	CUSA07113_00
Super Monkey Ball: Banana Blitz HD	PS4	NONE	CUSA16178_00
The Outer Worlds	PS4	NONE	CUSA16285_00
MediEvil	PS4	NONE	CUSA11227_00
Borderlands 3	PS4	NONE	CUSA07823_00
FINAL FANTASY VIII Remastered	PS4	NONE	CUSA08749_00
Legend of the Skyfish	PS4	NONE	CUSA17055_00
TORCHLIGHT 2	PS4	NONE	CUSA15315_00
Phoenix Wright: Ace Attorney Trilogy	PS4	NONE	CUSA11513_00
Arcade Archives VS. GRADIUS	PS4	NONE	CUSA17028_00
RAD	PS4	NONE	CUSA13879_00
Devious Dungeon 2	PS4	NONE	CUSA15318_00
BATMAN: ARKHAM KNIGHT	PS4	NONE	CUSA00133_00
Mortal Kombat 11	PS4	NONE	CUSA11395_00
Harvey's New Eyes	PS4	NONE	CUSA17236_00
My Brother Rabbit	PS4	NONE	CUSA12298_00
Raiden V: Director's Cut	PS4	NONE	CUSA07673_00
R-Type Dimensions EX	PS4	NONE	CUSA14355_00
Mega Man 11	PS4	NONE	CUSA10784_00
Mega Man X Legacy Collection	PS4	NONE	CUSA10785_00
Mega Man X Legacy Collection 2	PS4	NONE	CUSA10788_00
DARK SOULS III	PS4	NONE	CUSA03388_00
Persona 5	PS4	NONE	CUSA05877_00
Wizard of Legend	PS4	NONE	CUSA10927_00
Hidden Agenda	PS4	NONE	CUSA08019_00
Assassin's Creed Chronicles: China	PS4	NONE	CUSA01347_00
Assassin's Creed Chronicles: India	PS4	NONE	CUSA01348_00
Assassin's Creed Chronicles: Russia	PS4	NONE	CUSA01349_00
Jeopardy!	PS4	NONE	CUSA08927_00
Deus Ex: Mankind Divided	PS4	NONE	CUSA01799_00
Deponia	PS4	NONE	CUSA05922_00
Steel Rats	PS4	NONE	CUSA09236_00
Steel Rats original soundtrack	PS4	NONE	CUSA14272_00
Psychonauts in the Rhombus of Ruin	PS4	NONE	CUSA05808_00
Has-Been Heroes	PS4	NONE	CUSA06643_00
Nine Parchments	PS4	NONE	CUSA05984_00
Bloodstained: Ritual of the Night	PS4	NONE	CUSA07953_00
Uncharted 4: A Thief's End	PS4	NONE	CUSA00341_00
Marvel's Spider-Man	PS4	NONE	CUSA02299_00
Detroit: Become Human	PS4	NONE	CUSA08344_00
Detroit: Become Human Digital Deluxe Soundtrack	PS4	NONE	CUSA12183_00
The Art of Detroit: Become Human	PS4	NONE	CUSA12299_00
Dauntless	PS4	NONE	CUSA15429_00
The Surge	PS4	PS_PLUS	CUSA04733_00
Conan Exiles	PS4	PS_PLUS	CUSA10608_00
Borderlands: Game of the Year Edition	PS4	NONE	CUSA10455_00
Call of Duty: Modern Warfare Remastered	PS4	PS_PLUS	CUSA03522_00
The Witness	PS4	PS_PLUS	CUSA00498_00
Path of Exile	PS4	NONE	CUSA11924_00
Dead Cells	PS4	NONE	CUSA11253_00
ACA NEOGEO PUZZLE BOBBLE 2	PS4	NONE	CUSA13978_00
JackQuest	PS4	NONE	CUSA14246_00
HITMAN	PS4	PS_PLUS	CUSA02976_00
Gunhouse	PS4	PS_PLUS	CUSA09627_00
Apex Legends	PS4	NONE	CUSA12540_00
RESIDENT EVIL 2	PS4	NONE	CUSA09193_00
RESIDENT EVIL 2 "1-Shot Demo"	PS4	NONE	CUSA14394_00
Castlevania Requiem: Symphony Of The Night & Rondo Of Blood	PS4	NONE	CUSA13434_00
Floor Plan	PS4	NONE	CUSA09975_00
Waddle Home	PS4	NONE	CUSA06386_00
18Floors	PS4	NONE	CUSA11956_00
Death's Gambit	PS4	NONE	CUSA05853_00
Machinarium	PS4	NONE	CUSA02608_00
Crawl	PS4	NONE	CUSA07876_00
Fe	PS4	NONE	CUSA09058_00
Life is Strange: Before the Storm	PS4	NONE	CUSA08479_00
Hello Neighbor	PS4	NONE	CUSA10963_00
SwapQuest	PS4	NONE	CUSA08002_00
Full Throttle Remastered	PS4	NONE	CUSA06644_00
Slayaway Camp	PS4	NONE	CUSA09675_00
Slayaway Camp: Original Soundtrack	PS4	NONE	CUSA10492_00
Overcooked 2	PS4	NONE	CUSA10940_00
Owlboy	PS4	NONE	CUSA09914_00
Beat Saber	PS4	NONE	CUSA12878_00
KNACK 2	PS4	NONE	CUSA08014_00
Hollow Knight	PS4	NONE	CUSA13632_00
Transference: The Walter Test Case	PS4	NONE	CUSA10925_00
Tetris Effect	PS4	NONE	CUSA13594_00
Freaky Awesome	PS4	NONE	CUSA12558_00
Megalith (Open Beta)	PS4	NONE	CUSA14274_00
Roundabout	PS4	PS_PLUS	CUSA02470_00
YAKUZA KIWAMI	PS4	PS_PLUS	CUSA06997_00
Bulletstorm: Full Clip Edition	PS4	PS_PLUS	CUSA07143_00
Burly Men At Sea	PS4	PS_PLUS	CUSA09109_00
Rocketbirds 2: Evolution	PS4	PS_PLUS	CUSA02965_00
2064: Read Only Memories	PS4	PS_PLUS	CUSA06169_00
Friday the 13th: The Game	PS4	PS_PLUS	CUSA07878_00
Laser League	PS4	PS_PLUS	CUSA05983_00
FINAL FANTASY XV POCKET EDITION HD	PS4	NONE	CUSA12651_00
DARK SOULS II: Scholar of the First Sin	PS4	NONE	CUSA01760_00
Little Nightmares	PS4	NONE	CUSA05929_00
Sigi - A Fart for Melusina	PS4	NONE	CUSA12919_00
Guacamelee! 2	PS4	NONE	CUSA07098_00
Persian Nights: Sands of Wonders	PS4	NONE	CUSA13148_00
36 Fragments of Midnight	PS4	NONE	CUSA10921_00
Devious Dungeon	PS4	NONE	CUSA12094_00
Chasm	PS4	NONE	CUSA01273_00
20XX	PS4	NONE	CUSA11056_00
Space Overlords	PS4	PS_PLUS	CUSA05147_00
ABSOLVER	PS4	PS_PLUS	CUSA06282_00
Bloodstained: Curse of the Moon	PS4	NONE	CUSA12562_00
Firewatch	PS4	NONE	CUSA04107_00
Nex Machina	PS4	NONE	CUSA05588_00
Darkest Dungeon	PS4	NONE	CUSA05254_00
The Swords of Ditto	PS4	NONE	CUSA10443_00
God of War	PS4	NONE	CUSA07408_00
Q*bert: Rebooted	PS4	PS_PLUS	CUSA01280_00
In Space We Brawl	PS4	PS_PLUS	CUSA01386_00
99Vidas	PS4	PS_PLUS	CUSA05187_00
Trackmania Turbo	PS4	PS_PLUS	CUSA03008_00
The Adventure Pals	PS4	NONE	CUSA06645_00
Xenon Valkyrie+	PS4	NONE	CUSA11018_00
RiME	PS4	PS_PLUS	CUSA05796_00
Secret of Mana	PS4	NONE	CUSA09565_00
Alien: Isolation	PS4	NONE	CUSA00363_00
Oxenfree	PS4	NONE	CUSA04950_00
Iconoclasts	PS4	NONE	CUSA09583_00
No Man's Sky	PS4	NONE	CUSA04841_00
Celeste	PS4	NONE	CUSA11302_00
Momodora: Reverie Under the Moonlight	PS4	NONE	CUSA05694_00
Batman: Return to Arkham - Arkham City	PS4	NONE	CUSA04516_00
Batman: Return to Arkham - Arkham Asylum	PS4	NONE	CUSA04601_00
Cast Of The Seven Godsends - Redux	PS4	NONE	CUSA04315_00
Slain	PS4	NONE	CUSA06283_00
Dear Esther: Landmark Edition	PS4	NONE	CUSA05092_00
The Little Acre	PS4	NONE	CUSA06501_00
Cat Quest	PS4	NONE	CUSA09626_00
Skyrim VR	PS4	NONE	CUSA09124_00
Hand of the Gods	PS4	NONE	CUSA06677_00
Dungeon Defenders II	PS4	NONE	CUSA01340_00
Happy Dungeons	PS4	NONE	CUSA08772_00
Brawlhalla	PS4	NONE	CUSA04195_00
Hue	PS4	PS_PLUS	CUSA05091_00
Amnesia Collection	PS4	PS_PLUS	CUSA05882_00
Resident Evil 0	PS4	NONE	CUSA02337_00
RESIDENT EVIL 6	PS4	NONE	CUSA03856_00
RESIDENT EVIL5	PS4	NONE	CUSA04437_00
RESIDENT EVIL CODE: Veronica X	PS4	NONE	CUSA07104_00
Salt and Sanctuary	PS4	NONE	CUSA02353_00
Layers of Fear	PS4	NONE	CUSA04485_00
Slender - The Arrival	PS4	NONE	CUSA02003_00
Doodle Devil	PS4	NONE	CUSA04649_00
Fortnite	PS4	NONE	CUSA07022_00
Mortal Kombat XL	PS4	NONE	CUSA03589_00
Armello	PS4	NONE	CUSA03300_00
The Escapists	PS4	NONE	CUSA01880_00
Super Motherload	PS4	PS_PLUS	CUSA00045_00
Assassin's Creed Freedom Cry	PS4	PS_PLUS	CUSA00416_00
resident evil 4	PS4	NONE	CUSA04885_00
Ziggurat	PS4	NONE	CUSA02325_00
Minecraft Story Mode	PS4	NONE	CUSA03495_00
Brick Breaker	PS4	NONE	CUSA03889_00
Anomaly 2	PS4	NONE	CUSA00082_00
Darksiders II Deathinitive Edition	PS4	NONE	CUSA02420_00
Just Cause 3	PS4	PS_PLUS	CUSA01493_00
That's You!	PS4	PS_PLUS	CUSA06348_00
Paranormal Activity: The Lost Soul	PS4	NONE	CUSA06583_00
Outlast 2	PS4	NONE	CUSA06623_00
Pyre	PS4	NONE	CUSA05441_00
Night Trap - 25th Anniversary Edition	PS4	NONE	CUSA07957_00
Sundered: Eldritch Edition	PS4	NONE	CUSA07282_00
Vertical Drop Heroes HD	PS4	NONE	CUSA01696_00
The Sun and Moon	PS4	NONE	CUSA01756_00
Three Fourths Home	PS4	NONE	CUSA03222_00
Paranautical Activity	PS4	NONE	CUSA03867_00
Uncanny Valley	PS4	NONE	CUSA03868_00
Lovely Planet	PS4	NONE	CUSA04068_00
Hunter's Legacy	PS4	NONE	CUSA05753_00
The Vanishing of Ethan Carter	PS4	NONE	CUSA03130_00
Submerged	PS4	NONE	CUSA02931_00
AceBanana	PS4	NONE	CUSA06055_00
Letter Quest Remastered	PS4	NONE	CUSA03869_00
The Bridge	PS4	NONE	CUSA01138_00
I am Bread	PS4	NONE	CUSA03083_00
Tumble VR	PS4	NONE	CUSA05406_00
Claire	PS4	NONE	CUSA03781_00
Zombie Vikings	PS4	NONE	CUSA02844_00
DYING: Reborn VR	PS4	NONE	CUSA06410_00
I, Zombie	PS4	NONE	CUSA07078_00
The Flame in the Flood	PS4	NONE	CUSA07205_00
Sparkle Unleashed	PS4	NONE	CUSA02292_00
Coffin Dodgers	PS4	NONE	CUSA04084_00
KNACK	PS4	NONE	CUSA00068_00
Until Dawn: Rush of Blood	PS4	NONE	CUSA03683_00
Killing Floor 2	PS4	PS_PLUS	CUSA02134_00
Overwatch	PS4	NONE	CUSA01842_00
The Disney Afternoon Collection	PS4	NONE	CUSA06809_00
Rise & Shine	PS4	NONE	CUSA07074_00
Wonder Boy: The Dragon's Trap	PS4	NONE	CUSA07029_00
Flinthook	PS4	NONE	CUSA07390_00
Cosmic Star Heroine	PS4	NONE	CUSA03167_00
Curses 'N Chaos	PS4	PS_PLUS	CUSA02638_00
10 Second Ninja X	PS4	PS_PLUS	CUSA04748_00
Drawn to Death	PS4	PS_PLUS	CUSA06186_00
Lumo	PS4	PS_PLUS	CUSA04274_00
Disc Jam	PS4	PS_PLUS	CUSA04613_00
NOT A HERO	PS4	PS_PLUS	CUSA02996_00
TROVE	PS4	NONE	CUSA04598_00
AdventurePop	PS4	NONE	CUSA05985_00
Super GunWorld 2	PS4	NONE	CUSA06841_00
ACA NEOGEO SAMURAI SHODOWN	PS4	NONE	CUSA06804_00
Lara Croft GO	PS4	NONE	CUSA06460_00
Lovers in a Dangerous Spacetime	PS4	NONE	CUSA04075_00
Risk of Rain	PS4	NONE	CUSA04192_00
Mutant Mudds Super Challenge	PS4	NONE	CUSA05130_00
Mutant Mudds Deluxe	PS4	NONE	CUSA06432_00
LEGO Batman 3: Beyond Gotham	PS4	NONE	CUSA00580_00
Bard's Gold	PS4	NONE	CUSA05012_00
Guns, Gore and Cannoli	PS4	NONE	CUSA03818_00
The Jackbox Party Pack 2	PS4	NONE	CUSA03183_00
Psychonauts	PS4	NONE	CUSA03881_00
GRAVITY RUSH 2 DEMO	PS4	NONE	CUSA06596_00
Randal's Monday	PS4	NONE	CUSA04046_00
Adventures of Pip	PS4	NONE	CUSA02609_00
This War of Mine: The Little Ones	PS4	PS_PLUS	CUSA02696_00
The Swindle	PS4	PS_PLUS	CUSA02329_00
Azkend 2	PS4	PS_PLUS	CUSA04407_00
YouTube	PS4	NONE	CUSA01015_00
The Jackbox Party Pack 3	PS4	NONE	CUSA06239_00
Teenage Mutant Ninja Turtles: Mutants in Manhattan	PS4	NONE	CUSA01843_00
Hyper Light Drifter	PS4	NONE	CUSA04570_00
Mighty No. 9	PS4	NONE	CUSA02495_00
Song of the Deep	PS4	NONE	CUSA05049_00
Tethered	PS4	NONE	CUSA06587_00
Tethered (Original Soundtrack)	PS4	NONE	CUSA07012_00
VUDU HD Movies	PS4	NONE	CUSA00096_00
Goosebumps: The Game	PS4	NONE	CUSA02599_00
Crypt of the NecroDancer	PS4	NONE	CUSA03610_00
Divinity : Original Sin Enhanced Edition	PS4	NONE	CUSA02737_00
INSIDE	PS4	NONE	CUSA05297_00
The Deadly Tower of Monsters	PS4	PS_PLUS	CUSA01937_00
Everybody's Gone To The Rapture	PS4	PS_PLUS	CUSA02405_00
LET IT DIE	PS4	NONE	CUSA03769_00
Neon Chrome	PS4	NONE	CUSA03505_00
STAR WARS Battlefront	PS4	NONE	CUSA00640_00
Mega Man Legacy Collection	PS4	NONE	CUSA02516_00
My Name is Mayo	PS4	NONE	CUSA06397_00
Carnival Games VR	PS4	NONE	CUSA05697_00
Middle-earth: Shadow of Mordor - Game of the Year Edition	PS4	NONE	CUSA01939_00
Virginia	PS4	NONE	CUSA03127_00
Bound	PS4	NONE	CUSA04193_00
Nebulous	PS4	NONE	CUSA02087_00
Super Dungeon Bros	PS4	NONE	CUSA06227_00
Ittle Dew 2	PS4	NONE	CUSA04643_00
Wand Wars	PS4	NONE	CUSA05658_00
Exile's End	PS4	NONE	CUSA05803_00
The Brookhaven Experiment	PS4	NONE	CUSA06482_00
WORLD OF FINAL FANTASY Dungeon Demo	PS4	NONE	CUSA06016_00
Here They Lie	PS4	NONE	CUSA05018_00
Hatsune Miku: VR Future Live	PS4	NONE	CUSA04771_00
Catlateral Damage	PS4	NONE	CUSA04521_00
GOD EATER RESURRECTION	PS4	NONE	CUSA03525_00
Chronicles of Teddy : Harmony of Exidus	PS4	NONE	CUSA03351_00
Shadow Complex Remastered	PS4	NONE	CUSA04265_00
Lichdom: Battlemage	PS4	NONE	CUSA02798_00
Joe Dever's Lone Wolf Console Edition	PS4	NONE	CUSA03768_00
Allumette	PS4	NONE	CUSA05884_00
Littlstar Cinema	PS4	NONE	CUSA06120_00
Invasion!	PS4	NONE	CUSA06149_00
Hatsune Miku: VR Future Live Demo	PS4	NONE	CUSA04793_00
Outlast 2 Demo	PS4	NONE	CUSA06646_00
Media Player	PS4	NONE	CUSA02012_00
THE PLAYROOM VR	PS4	NONE	CUSA04318_00
EVE: Valkyrie – Warzone	PS4	NONE	CUSA05789_00
TRANSFORMERS: Devastation	PS4	PS_PLUS	CUSA01410_00
Mystery Chronicle: One Way Heroics	PS4	NONE	CUSA03970_00
DRAGON QUEST BUILDERS DEMO	PS4	NONE	CUSA05700_00
Oceanhorn	PS4	NONE	CUSA05010_00
Cel Damage HD	PS4	NONE	CUSA00487_00
Overlord: Fellowship of Evil	PS4	NONE	CUSA02701_00
ALIENATION	PS4	NONE	CUSA04181_00
Blue Rider	PS4	NONE	CUSA06498_00
Journey	PS4	PS_PLUS	CUSA00694_00
Jotun	PS4	NONE	CUSA04881_00
Overcooked	PS4	NONE	CUSA05724_00
FUNimation	PS4	NONE	CUSA01881_00
The Fall	PS4	NONE	CUSA02031_00
Kill Strain	PS4	NONE	CUSA02835_00
Neverwinter	PS4	NONE	CUSA04314_00
Life Is Strange	PS4	NONE	CUSA01442_00
I am Setsuna.	PS4	NONE	CUSA04770_00
Furi	PS4	PS_PLUS	CUSA04917_00
RESIDENT EVIL REVELATIONS 2	PS4	NONE	CUSA00924_00
Stories:The Path of Destinies	PS4	NONE	CUSA04101_00
A Boy and His Blob	PS4	NONE	CUSA02700_00
Shantae: Risky's Revenge - Director's Cut	PS4	NONE	CUSA01587_00
Jamestown+	PS4	NONE	CUSA01008_00
Lords of the Fallen	PS4	NONE	CUSA00369_00
Mad Max	PS4	NONE	CUSA00103_00
The Walking Dead: Michonne	PS4	NONE	CUSA04173_00
Resident Evil 7 Teaser: Beginning Hour	PS4	NONE	CUSA04772_00
Downwell	PS4	NONE	CUSA04550_00
Gone Home: Console Edition	PS4	PS_PLUS	CUSA01228_00
NBA 2K16	PS4	PS_PLUS	CUSA02741_00
HBO GO	PS4	NONE	CUSA01567_00
Odin Sphere Leifthrasir DEMO	PS4	NONE	CUSA05094_00
DOOM	PS4	NONE	CUSA02085_00
Tetris Ultimate	PS4	NONE	CUSA00405_00
Trivial Pursuit Live!	PS4	NONE	CUSA01024_00
Hitman GO: Definitive Edition	PS4	NONE	CUSA04126_00
The Banner Saga	PS4	NONE	CUSA02538_00
KILLZONE SHADOW FALL	PS4	NONE	CUSA00190_00
Brothers : a Tale of Two Sons	PS4	NONE	CUSA02297_00
Hulu	PS4	NONE	CUSA00131_00
Overwatch: Beta	PS4	NONE	CUSA03313_00
Switch Galaxy Ultra	PS4	PS_PLUS	CUSA00789_00
Table Top Racing: World Tour	PS4	PS_PLUS	CUSA04838_00
Tropico 5	PS4	PS_PLUS	CUSA01216_00
Nioh Alpha Demo	PS4	NONE	CUSA04083_00
ARSLAN: THE WARRIORS OF LEGEND DEMO	PS4	NONE	CUSA04177_00
DOOM Beta	PS4	NONE	CUSA00699_00
Ratchet & Clank	PS4	NONE	CUSA01047_00
Battleborn Open Beta	PS4	NONE	CUSA04235_00
Enter the Gungeon	PS4	NONE	CUSA01608_00
ZOMBI	PS4	PS_PLUS	CUSA01886_00
Dead Star	PS4	PS_PLUS	CUSA03138_00
Shütshimi	PS4	PS_PLUS	CUSA02535_00
Unravel	PS4	NONE	CUSA02685_00
-KLAUS-	PS4	NONE	CUSA04877_00
PLATINUM DEMO – FINAL FANTASY XV	PS4	NONE	CUSA04568_00
Paragon	PS4	NONE	CUSA03608_00
Day of the Tentacle Remastered	PS4	NONE	CUSA01991_00
Peggle 2	PS4	NONE	CUSA00718_00
Giana Sisters: Twisted Dreams – Director's Cut	PS4	NONE	CUSA01448_00
flOw	PS4	NONE	CUSA00144_00
Galak-Z	PS4	PS_PLUS	CUSA02049_00
HEAVY RAIN	PS4	NONE	CUSA02533_00
HITMAN - Beta	PS4	NONE	CUSA03017_00
Uncharted 4 Multiplayer	PS4	NONE	CUSA04030_00
Broforce	PS4	PS_PLUS	CUSA00911_00
The Witch and the Hundred Knight: Revival Edition Demo	PS4	NONE	CUSA02929_00
SMITE	PS4	NONE	CUSA02328_00
Adventure Time: Finn and Jake Investigations	PS4	NONE	CUSA01746_00
Rainbow Moon	PS4	NONE	CUSA03443_00
Kitten Squad	PS4	NONE	CUSA03195_00
GemsofWar	PS4	NONE	CUSA02829_00
Tom Clancy's The Division Beta	PS4	NONE	CUSA02999_00
Nom Nom Galaxy	PS4	PS_PLUS	CUSA01365_00
HELLDIVERS	PS4	PS_PLUS	CUSA00142_00
Sparkle 2	PS4	NONE	CUSA00590_00
LIMBO	PS4	NONE	CUSA01664_00
Hand of Fate	PS4	NONE	CUSA01503_00
Fibbage	PS4	NONE	CUSA00946_00
Escape Plan	PS4	NONE	CUSA00034_00
Fat Princess Adventures	PS4	NONE	CUSA01388_00
Twisted Metal: Black	PS4	NONE	CUSA02036_00
Grim Fandango Remastered	PS4	PS_PLUS	CUSA01319_00
Hardware: Rivals	PS4	PS_PLUS	CUSA01965_00
FINAL FANTASY X/X-2 HD Remaster	PS4	NONE	CUSA01227_00
FINAL FANTASY VII	PS4	NONE	CUSA01875_00
Live Events Viewer	PS4	NONE	CUSA00658_00
Dreamals	PS4	NONE	CUSA03821_00
Dishonored Definitive Edition	PS4	NONE	CUSA02218_00
Extreme Exorcism	PS4	NONE	CUSA01874_00
Hotline Miami 2: Wrong Number	PS4	NONE	CUSA00368_00
Titan Souls	PS4	NONE	CUSA01598_00
Poncho	PS4	NONE	CUSA03175_00
Nova-111	PS4	NONE	CUSA02354_00
Beyond: Two Souls	PS4	NONE	CUSA00495_00
The Order: 1886	PS4	NONE	CUSA00785_00
SPELUNKER WORLD	PS4	NONE	CUSA03286_00
Dragon Fin Soup	PS4	PS_PLUS	CUSA00599_00
MAGICKA 2	PS4	PS_PLUS	CUSA02421_00
Twitch	PS4	NONE	CUSA03285_00
Uncharted: The Nathan Drake Collection Demo	PS4	NONE	CUSA03262_00
Disgaea 5: Alliance of Vengeance Demo Version	PS4	NONE	CUSA03160_00
STAR WARS Battlefront Beta	PS4	NONE	CUSA02941_00
Unmechanical: Extended	PS4	PS_PLUS	CUSA01204_00
Broken Age	PS4	PS_PLUS	CUSA01990_00
Super Meat Boy!	PS4	PS_PLUS	CUSA02845_00
SOMA	PS4	NONE	CUSA03333_00
Bombing Busters	PS4	NONE	CUSA03168_00
Xeodrifter	PS4	PS_PLUS	CUSA02439_00
Teslagrad	PS4	PS_PLUS	CUSA01670_00
Super Time Force Ultra	PS4	PS_PLUS	CUSA01938_00
Grow Home	PS4	PS_PLUS	CUSA02904_00
Tearaway Unfolded	PS4	NONE	CUSA01607_00
Tearaway Unfolded Soundtrack	PS4	NONE	CUSA03007_00
METAL GEAR SOLID V: THE PHANTOM PAIN	PS4	NONE	CUSA01140_00
Color Guardians Demo	PS4	NONE	CUSA02998_00
Trans-Galactic Tournament	PS4	NONE	CUSA02051_00
Gauntlet	PS4	NONE	CUSA00701_00
PlayStation Vue	PS4	NONE	CUSA00960_00
King's Quest	PS4	NONE	CUSA01447_00
Stealth Inc 2: A Game of Clones	PS4	PS_PLUS	CUSA01424_00
Sound Shapes	PS4	PS_PLUS	CUSA00090_00
The Last of Us Remastered	PS4	NONE	CUSA00552_00
TEMBO THE BADASS ELEPHANT	PS4	NONE	CUSA02438_00
Bastion	PS4	NONE	CUSA02052_00
MouseCraft	PS4	PS_PLUS	CUSA00656_00
Entwined	PS4	PS_PLUS	CUSA00571_00
Styx: Master of Shadows	PS4	PS_PLUS	CUSA01052_00
Rocket League	PS4	PS_PLUS	CUSA01163_00
Futuridium EP Deluxe	PS4	PS_PLUS	CUSA00832_00
DRIVECLUB	PS4	NONE	CUSA00093_00
Super Exploding Zoo	PS4	PS_PLUS	CUSA02738_00
Skulls of the Shogun	PS4	PS_PLUS	CUSA02050_00
The Wolf Among Us	PS4	NONE	CUSA01018_00
Escape Goat 2	PS4	NONE	CUSA01124_00
Nidhogg	PS4	NONE	CUSA00920_00
Shovel Knight: Treasure Trove	PS4	NONE	CUSA01867_00
Tiny Brains	PS4	NONE	CUSA00055_00
Nano Assault NEO-X	PS4	NONE	CUSA01391_00
The Unfinished Swan	PS4	PS_PLUS	CUSA00695_00
Hohokum	PS4	PS_PLUS	CUSA00091_00
Plex	PS4	NONE	CUSA01850_00
Ether One	PS4	PS_PLUS	CUSA02503_00
Guacamelee! Super Turbo Championship Edition	PS4	PS_PLUS	CUSA00151_00
Aaru's Awakening	PS4	PS_PLUS	CUSA01162_00
Never Alone	PS4	PS_PLUS	CUSA01305_00
Tower of Guns	PS4	PS_PLUS	CUSA01548_00
Toukiden: Kiwami - Demo	PS4	NONE	CUSA02018_00
Spotify	PS4	NONE	CUSA01780_00
Bloodborne	PS4	NONE	CUSA00900_00
Terraria	PS4	NONE	CUSA00740_00
Citizens of Earth Demo	PS4	NONE	CUSA01403_00
Nano Assault NEO-X Demo	PS4	NONE	CUSA01726_00
Pillar Demo	PS4	NONE	CUSA01922_00
CounterSpy	PS4	PS_PLUS	CUSA00458_00
Oddworld: New 'n' Tasty	PS4	NONE	CUSA00329_00
Valiant Hearts: The Great War	PS4	PS_PLUS	CUSA00478_00
Child of Light	PS4	NONE	CUSA00339_00
Resident Evil	PS4	NONE	CUSA01068_00
Home	PS4	NONE	CUSA01218_00
Super Stardust Ultra	PS4	NONE	CUSA01560_00
Rogue Legacy PS4	PS4	PS_PLUS	CUSA00629_00
Rayman Legends	PS4	NONE	CUSA00069_00
Mercenary Kings	PS4	NONE	CUSA00324_00
The Jackbox Party Pack	PS4	NONE	CUSA01229_00
LittleBigPlanet 3	PS4	NONE	CUSA00473_00
Apotheon	PS4	PS_PLUS	CUSA01237_00
The Swapper	PS4	PS_PLUS	CUSA00315_00
inFAMOUS First Light	PS4	PS_PLUS	CUSA00575_00
The Walking Dead: Season 2	PS4	NONE	CUSA01017_00
The Walking Dead: Season 1	PS4	NONE	CUSA01019_00
FINAL FANTASY XIV	PS4	NONE	CUSA00288_00
Loadout	PS4	NONE	CUSA01415_00
Game of Thrones	PS4	NONE	CUSA01402_00
Secret Ponchos	PS4	PS_PLUS	CUSA00313_00
Geometry Wars 3: Dimensions	PS4	NONE	CUSA00755_00
LEGO The Hobbit	PS4	NONE	CUSA00348_00
Tales from the Borderlands	PS4	NONE	CUSA00870_00
SteamWorld Dig	PS4	PS_PLUS	CUSA00521_00
The Binding of Isaac: Rebirth	PS4	PS_PLUS	CUSA00792_00
Pix the Cat	PS4	PS_PLUS	CUSA01352_00
Spelunky	PS4	PS_PLUS	CUSA00493_00
Dust: An Elysian Tail	PS4	PS_PLUS	CUSA01326_00
Sportsfriends	PS4	PS_PLUS	CUSA00700_00
Velocity 2X	PS4	PS_PLUS	CUSA00384_00
Destiny	PS4	NONE	CUSA00219_00
Arcade Archives RYGAR	PS4	NONE	CUSA00993_00
Hotline Miami	PS4	NONE	CUSA00486_00
Plants vs Zombies Garden Warfare	PS4	NONE	CUSA00453_00
P.T.	PS4	NONE	CUSA01127_00
Amazon Prime Video	PS4	NONE	CUSA00130_00
Netflix	PS4	NONE	CUSA00129_00
FEZ	PS4	PS_PLUS	CUSA00383_00
Road Not Taken	PS4	PS_PLUS	CUSA01046_00
Injustice: Gods Among Us Ultimate Edition	PS4	NONE	CUSA00079_00
Destiny Beta	PS4	NONE	CUSA00756_00
Thief Demo	PS4	NONE	CUSA00664_00
TowerFall Ascension	PS4	PS_PLUS	CUSA00466_00
Transistor	PS4	NONE	CUSA00502_00
Stick it to The Man	PS4	PS_PLUS	CUSA00537_00
Strider	PS4	NONE	CUSA00057_00
Doki-Doki Universe	PS4	NONE	CUSA00036_00
Dead Nation: Apocalypse Edition	PS4	PS_PLUS	CUSA00236_00
Outlast	PS4	PS_PLUS	CUSA00325_00
Don't Starve: Console Edition	PS4	PS_PLUS	CUSA00158_00
Contrast	PS4	PS_PLUS	CUSA00011_00
RESOGUN	PS4	PS_PLUS	CUSA00038_00
Trine 2: Complete Story	PS4	NONE	CUSA00234_00
DC Universe Online	PS4	NONE	CUSA00012_00
Blacklight: Retribution	PS4	NONE	CUSA00042_00
Warframe	PS4	NONE	CUSA00080_00
