Control Resonant	31
Brotato	100
Teenage Mutant Ninja Turtles: Splintered Fate	100
Bloodstained: Ritual of the Night	100
Well Dweller	100
Duskfade	22
Mewgenics	17
Mortal Shell II	100
Demon's Souls	40
Diablo IV	73
Saros	100
Super Bomberman R	54
Beyond Words	31
Mina the Hollower	100
Final Fantasy VII Rebirth	100
The 7th Guest Remake	100
Rayman Legends	91
Five Nights at Freddy's: Help Wanted 2	1
Split Fiction	33
Hades II	100
Gauntlet	46
Super Monkey Ball: Banana Blitz HD	25
Mega Man 11	88
Streets of Rage 4	82
God of War: Sons of Sparta	100
Resident Evil Village	100
Reanimal	28
Ender Magnolia: Bloom in the Mist	100
Resident Evil Requiem	100
Sea of Stars	100
Ender Lilies: Quietus of the Knights	100
Salt and Sanctuary	100
Cult of the Lamb	100
Mio: Memories in Orbit	100
Final Fantasy XVI	100
Final Fantasy VII Remake	100
Epic Mickey: Rebrushed	100
Moving Out 2	40
Jamestown+	89
Dave the Diver	27
Broforce	42
Morsels	7
Peggle 2	100
Immortals Fenyx Rising	100
Vampire Survivors	90
Twisted Metal	31
Doom Eternal	60
Absolum	100
Resident Evil 7: Biohazard	71
Hollow Knight: Silksong	100
Shinobi: Art of Vengeance	90
Lost in Random	100
Iron Meat	100
Sword of the Sea	100
The Outer Worlds	54
Ninja Gaiden: Ragebound	100
Dead Space	100
Astro Bot	100
Phoenix Wright: Ace Attorney Trilogy	8
Lunar Remastered Collection	100
Lies of P	100
Clair Obscur: Expedition 33	100
The Elder Scrolls IV: Oblivion	100
Ultros	100
Maneater	100
Inscryption	100
Chronicles of Teddy: Harmony of Exidus	80
Before Your Eyes	81
Hyper Light Drifter	56
The Plucky Squire	100
10 Second Ninja X	68
The Jackbox Party Pack 2	45
Braid: Anniversary Edition	91
Prince of Persia: The Lost Crown	100
Silent Hill 2	10
Nine Sols	100
Visions of Mana	100
The Jackbox Naughty Pack	5
Palworld	4
Astro's Playroom	100
Black Myth: Wukong	12
Rugrats: Adventures in Gameland	100
The 7th Guest	100
Rocket Knight Adventures: Re-Sparked	73
Animal Well	100
Flinthook	71
Tales of Kenzera: Zau	100
Escape Academy	90
Bloodborne	100
Moving Out	100
Skul: The Hero Slayer	100
The Disney Afternoon Collection	100
Fallout 4	72
Tiny Tina's Wonderlands	94
It Takes Two	100
Helldivers 2	64
Resident Evil 4	87
Apotheon	100
The 7th Guest VR	100
Crypt of the NecroDancer	5
Returnal	100
Minecraft: Story Mode	100
Super GunWorld 2	100
Cosmic Star Heroine	100
The Adventure Pals	100
Catlateral Damage	100
God of War Ragnarök	100
Star Ocean: The Second Story R	100
Mortal Kombat 1	62
Baldur's Gate III	1
Gems of War	7
Vacation Simulator	1
inFamous: First Light	100
Nano Assault NEO-X	80
The Order: 1886	100
Hotline Miami	100
Super Stardust Ultra	83
Brick Breaker	15
Sifu	75
Exit the Gungeon	100
The Quarry	44
Plants vs. Zombies: Battle for Neighborville	28
Resogun	77
Nobody Saves the World	100
Escape Goat 2	100
Control	100
The Unfinished Swan	100
Mortal Kombat 11	90
Sackboy: A Big Adventure	100
Guns, Gore & Cannoli	100
Teenage Mutant Ninja Turtles: Shredder's Revenge	100
Rogue Legacy 2	100
The Walking Dead: Michonne	100
Contra Anniversary Collection	100
Bugsnax	100
Tiny Brains	10
Conan Exiles	100
Blasphemous	28
Super Meat Boy	5
Horizon Forbidden West	96
OlliOlli World	22
Tearaway Unfolded	35
Cast of the Seven Godsends: Redux	100
Freaky Awesome	31
Stray	100
Disc Jam	70
Mutant Mudds Deluxe	100
I, Zombie	100
Azkend 2	100
Volume	100
Dead Cells	100
The Dark Pictures: Switchback VR	83
Tentacular	8
Torchlight 2	84
Rising Hell	100
Hogwarts Legacy	100
Overcooked! All You Can Eat	100
Horizon Call of the Mountain	19
Kayak VR: Mirage	5
What the Bat?	77
Rez Infinite	21
Puzzling Places	4
Tetris Effect	38
Pixel Gear	74
Summer Funland	90
I Expect You To Die	100
Until Dawn: Rush of Blood	76
Fruit Ninja VR	52
Lovers in a Dangerous Spacetime	15
Tinykin	100
Sonic Frontiers	100
LEGO Star Wars: The Skywalker Saga	14
Tunic	100
Axiom Verge 2	52
MultiVersus	1
Cursed to Golf	10
The Binding of Isaac: Repentance	40
Cuphead	100
Ghost of Tsushima	11
Until Dawn	8
Stranger of Paradise: Final Fantasy Origin	63
Knightin'+	100
Spelunky 2	5
Guacamelee! 2	100
Elden Ring	100
Final Fantasy VIII	100
Marvel's Guardians of the Galaxy	40
SOMA	26
Spyro 3: Year of the Dragon	100
Trigger Witch	100
Dodgeball Academia	100
Death's Door	100
The Elder Scrolls V: Skyrim	37
The Jackbox Party Pack 3	60
The Jackbox Party Pack 8	20
Deathloop	68
Kena: Bridge of Spirits	100
Hades	100
Ratchet & Clank: Rift Apart	100
Cyber Shadow	100
Borderlands 3	14
Oddworld: Soulstorm	7
Trials of Mana	100
Dungeons & Bombs	100
Curse of the Dead Gods	24
Gonner	100
Super Exploding Zoo!	100
Monster Hunter World	37
Little Nightmares II	100
Crash Bandicoot 4: It's About Time	67
The Messenger	100
Hollow Knight	100
Marvel's Spider-Man: Miles Morales	100
The Pathless	100
Owlboy	100
Pyre	100
Horizon Zero Dawn	100
The Jackbox Party Pack	25
Bloodstained: Curse of the Moon 2	100
Crash Bandicoot	26
Paranormal Activity: The Lost Soul	100
Geometry Wars 3: Dimensions	70
Shadow of the Colossus	44
Hand of Fate	3
A Boy and His Blob	23
Spyro 2: Ripto's Rage!	100
Assassin's Creed Odyssey	34
The Little Acre	100
Friday the 13th	15
Fall Guys: Ultimate Knockout	35
The Last of Us Remastered	16
Journey to the Savage Planet	96
Batman: Arkham VR	100
Knack	42
Hidden Through Time	100
Thy Sword	100
Castlevania Requiem: Symphony of the Night & Rondo of Blood	100
The Witness	91
LEGO Batman 3: Beyond Gotham	8
Final Fantasy VII Remake	100
I Am Setsuna	25
Resident Evil 3	100
The Room VR: A Dark Matter	100
Lethal VR	100
Jeopardy!	54
Raiden V: Director's Cut	49
Marvel's Spider-Man	63
Mega Man X Legacy Collection	100
Sonic Mania	9
Wizard of Legend	11
Final Fantasy XV Pocket Edition HD	100
Fat Princess: Piece of Cake	40
Daggerhood	100
Full Throttle	100
MediEvil Remake	100
Death Stranding	21
Legend of the Skyfish	100
Devious Dungeon 2	100
WipEout Omega Collection	1
Enter the Gungeon	28
Dauntless	4
Borderlands	84
Surgeon Simulator: Experience Reality	14
Gun Club VR	38
BugsBox VR	34
Portal Knights	9
Statik	100
Angry Birds VR: Isle of Pigs	100
Mortal Blitz	9
Pixel Ripped 1989	10
Road Not Taken	100
Slayaway Camp	100
Apex Legends	10
JackQuest: The Tale of the Sword	100
Arcade Archives: Puzzle Bobble 2	100
Spyro the Dragon	100
Resident Evil 2	44
The Playroom	100
Sparkle Unleashed	52
Chasm	4
Borderlands 2 VR	2
Beat Saber	8
Overcooked 2	8
Keep Talking and Nobody Explodes	15
Adventure Pop	45
The Inpatient	48
Accounting+	100
Song of the Deep	100
Astro Bot Rescue Mission	100
Little Nightmares	27
Sigi: A Fart for Melusina	100
Arizona Sunshine	16
The Persistence	1
36 Fragments of Midnight	100
Fruit Ninja	90
Sparkle 2	52
Heroes of Loot	100
Devious Dungeon	100
20XX	7
Gravity Rush	11
Nova-111	45
Bloodstained: Curse of the Moon	100
Secret of Mana	100
Darkest Dungeon	7
The Swords Of Ditto	46
God of War	100
Moss	4
Knockout League	5
The Banner Saga	30
Iconoclasts	70
Vertical Drop Heroes HD	100
LittleBigPlanet Vita	59
Run Sackboy! Run!	61
Celeste	100
Final Fantasy XV	45
Guacamelee! Super Turbo Championship Edition	100
The Playroom VR	100
Dying: Reborn VR	100
King's Quest	100
Trivial Pursuit Live!	85
Momodora: Reverie Under the Moonlight	71
Warframe	19
Claire	9
Layers of Fear	12
Soul Dimension	100
Doom VFR	100
Slain: Back From Hell	5
That's You!	1
Wolfenstein II: The New Colossus	1
Cat Quest	100
The Elder Scrolls V: Skyrim VR	2
Mortal Kombat X	40
Job Simulator	100
Coffin Dodgers	100
Sportsfriends	100
Wand Wars	100
Downwell	28
Hue	100
Don't Knock Twice	100
Tumble VR	4
The Escapists	1
Doodle Devil	100
Destiny 2	12
Final Fantasy XII: The Zodiac Age	22
Trove	10
Poncho	38
Rise & Shine	19
Dead Nation	11
Letter Quest	100
Outlast 2	1
Night Trap: 25th Anniversary Edition	1
Sundered	100
Mervils: A VR Adventure	10
Killing Floor 2	53
Overwatch	3
Borderlands: The Pre-Sequel	8
Battleborn	26
Alienation	4
Wonder Boy: The Dragon's Trap	5
Lara Croft GO	100
Fat Princess Adventures	34
Adventures of Pip	100
Bard's Gold	100
Star Wars Battlefront	8
Weeping Doll	100
Mighty No. 9	1
Tethered	7
Overlord: Fellowship of Evil	5
The Wolf Among Us	100
Goosebumps: The Game	100
Overcooked	100
World of Final Fantasy	15
Lumo	10
Bound	1
Super Dungeon Bros	5
My Name is Mayo	100
Murdered: Soul Suspect	100
Ittle Dew 2	100
Windlands	1
The Elder Scrolls V: Skyrim	10
Exile's End	60
The Brookhaven Experiment	9
PlayStation VR Worlds	19
EVE: Valkyrie - Warzone	3
Here They Lie	26
Dragon Quest Builders	6
Life is Strange	3
God Eater Resurrection	1
Doom	66
LittleBigPlanet 3	52
flOw	27
Brothers: A Tale of Two Sons	100
Oceanhorn: Monster of Uncharted Seas	100
LEGO Marvel Super Heroes	100
Jotun	50
Sound Shapes	100
Mad Max	2
Furi	27
South Park: The Stick of Truth	100
Adventures of Mana	5
Extreme Exorcism	100
Batman: Arkham Knight	3
Batman: Arkham Asylum	37
Final Fantasy X HD	12
Kingdom Hearts Birth by Sleep	24
Kingdom Hearts II	25
God of War III Remastered	48
Hitman GO	100
Axiom Verge	100
Table Top Racing: World Tour	7
Severed	100
Ratchet & Clank	100
Bayonetta	71
Fallout 3	23
LEGO The Hobbit	20
Day of the Tentacle	100
Xeodrifter	100
Teslagrad	100
Rogue Legacy	100
Diablo III: Reaper of Souls	82
Helldivers	8
Never Alone	100
Plants vs. Zombies: Garden Warfare	22
Trine 2: Complete Story	8
Nidhogg	52
Dreamals	100
Twisted Metal: Black	23
Kitten Squad	100
Rocket League	36
Final Fantasy VII	100
Dying Light	7
Game of Thrones	100
Magicka 2	40
Uncharted: Drake's Fortune Remastered	11
Tales from the Borderlands	100
Bombing Busters	100
Super Time Force Ultra	100
Metal Gear Solid V: The Phantom Pain	6
Bastion	18
Lara Croft and the Temple of Osiris	70
Destiny	30
PlayStation All-Stars Battle Royale	63
Borderlands 2	67
The Elder Scrolls Online	1
Shovel Knight: Treasure Trove	34
Toukiden: Kiwami	5
OlliOlli2	1
Home	4
The Swapper	100
Injustice: Gods Among Us	44
The Walking Dead	100
Alien: Isolation	7
Middle-earth: Shadow of Mordor	23
The Binding of Isaac: Rebirth	44
Towerfall Ascension	41
Lords of the Fallen	53
Transistor	27
Dust: An Elysian Tail	100
Metrico	28
Velocity 2X	28
Outlast	42
Arcade Archives: Rygar	100
FEZ	100
inFamous: Second Son	100
Stick It To the Man	100
Strider	100
Soul Sacrifice	37
Welcome Park	100
Assassin's Creed IV Black Flag	59
Contrast	100
God of War: Ghost of Sparta	100
Dungeon Siege III	8
Alice: Madness Returns	7
Jetpack Joyride	52
Battlefield 3	1
Galaga Legions DX	100
3D Dot Game Heroes	20
Runner2: Future Legend of Rhythm Alien	4
DuckTales	23
Mortal Kombat	28
Knytt Underground	4
Borderlands 2	64
Rayman Origins	15
The Last of Us	1
God of War: Ascension	100
Labyrinth Legends	100
Final Fantasy XIII	55
Uncharted: Drake's Fortune	67
Sly 2: Band of Thieves	100
DeathSpank: The Baconing	100
Castlevania: Lords of Shadow	81
LittleBigPlanet 2	56
Super Stardust HD	63
LittleBigPlanet	73
Resident Evil 6	4
God of War: Chains of Olympus	100
God of War II	100
God of War	100
The Darkness II	11
Darksiders	8
Sly Minigames	100
Dante's Inferno	82
Sly Cooper and the Thievius Raccoonus	100
Final Fantasy XIII-2	100
The Elder Scrolls V: Skyrim	69
Shadow of the Colossus	30
DeathSpank: Thongs of Virtue	100
Dead Nation	20
Borderlands	78
Portal 2	51
Splatterhouse	67
Dead Space	100
LEGO Harry Potter: Years 1 - 4	8
Resonance of Fate	2
Marvel: Ultimate Alliance 2	18
DeathSpank	100
Resident Evil 5	15
Bionic Commando	25
ModNation Racers	18
Super Street Fighter IV	3
BioShock	9
God of War III	100
Assassin's Creed II	17
Demon's Souls	1
inFamous	23
Uncharted 2: Among Thieves	6
Brütal Legend	13
Saw	100
